Source,Target,total_flight,total_seat,total_pax,total_freight,total_mail
CGK,SUB,16649,2973702,2450106,19326485,670277
CGK,UPG,12110,2120267,1714634,26682330,658297
CGK,DPS,15591,3023705,2347169,21506610,589858
SUB,CGK,17380,3101222,2447388,12143214,579708
CGK,KNO,12498,2237959,1803436,18356695,551477
PNK,CGK,7356,1277519,1010046,5429650,473943
DPS,CGK,16485,3275408,2423629,20064477,436335
KNO,CGK,12505,2237604,1848709,10326302,420939
BTH,CGK,4934,869266,713265,14199760,391107
CGK,PLM,7968,1397110,1172468,10328876,315732
JOG,CGK,9303,1622916,1322021,4193664,277581
CGK,PDG,7153,1368901,1159433,6318811,242052
CGK,BPN,6340,1122908,910650,13299860,232104
CGK,PKU,6056,1047642,861754,8829841,228864
CGK,PNK,7361,1278432,1008619,10075946,227470
CGK,JOG,9662,1694751,1377582,5096055,218991
PDG,CGK,7166,1369413,1165710,3593592,216380
PLM,CGK,7606,1340568,1124815,3228005,199820
CGK,BTH,4897,867690,714929,10242387,198431
UPG,CGK,13415,2354108,1892864,17337258,182520
CGK,SRG,9186,1518009,1207206,9448441,178050
CGK,BDJ,5147,923147,738831,9688750,177671
CGK,MDC,3920,661032,484953,6550747,159733
CGK,LOP,3956,687000,475634,4263045,153912
SRG,CGK,9131,1517465,1199628,5655459,149263
JOG,UPG,1641,279066,224707,1591728,149120
CGK,BTJ,1628,259205,183305,3300647,140236
CGK,PGK,4740,858854,688392,5575442,137460
PKU,CGK,6410,1111974,917787,2512794,136306
CGK,DJB,4702,823949,674376,4922872,127383
CGK,SOC,4910,916601,743642,2761394,126420
DJB,CGK,4698,823373,679956,2452107,115145
CGK,PKY,1837,323574,243928,3061844,111648
BPN,CGK,6362,1117361,908494,7133017,111061
BPN,BEJ,3034,275192,238292,1599061,97720
BDJ,CGK,5113,917017,730270,3844166,89544
SOC,CGK,5272,994179,781688,3583701,84411
SUB,KOE,2255,440662,348981,2292988,83180
MDC,CGK,3918,659400,480132,2504777,82844
TJQ,CGK,3302,521468,409799,979362,82046
UPG,BIK,731,136698,113976,1561242,81649
LOP,CGK,3241,569693,430316,2866775,80845
CGK,BKS,2826,514869,418815,2662187,71821
BTJ,CGK,1623,258358,188421,659828,71640
UPG,AMQ,2065,374000,252824,1220287,66595
CGK,TTE,1060,178225,128006,1507131,66397
TNJ,CGK,1087,194522,149589,723683,61654
PGK,CGK,4740,858807,696167,2342370,60013
BIK,DJJ,736,137868,105261,1066321,57949
JOG,DPS,2711,472749,365914,685005,53782
CGK,AMQ,1072,182759,129181,1342352,53464
DPS,KOE,728,136494,108274,961144,50428
UPG,PLW,1936,340283,280032,1815419,50228
CGK,TNJ,1083,193766,151483,1922329,49216
PKY,CGK,1835,323426,241504,514923,49115
KDI,UPG,3842,691833,583064,1248059,48065
HLP,KNO,2479,413886,344629,2936097,47860
DPS,TIM,363,58080,45751,799050,42062
TKG,CGK,6329,1092265,983216,1184192,42008
UPG,KDI,3506,626446,514216,2658746,41220
BEJ,BPN,3031,274976,244240,1042204,40883
KNO,PLM,921,148040,113452,189492,39384
UPG,SOQ,1816,258350,197156,1518424,36403
PLW,UPG,1923,338005,278480,625072,35739
UPG,DJJ,1577,271604,214495,1363324,33829
AMQ,UPG,2066,374103,262005,1557134,33379
UPG,GTO,1870,326897,230313,1678410,32636
KOE,ENE,1428,100950,71441,461060,32536
AMQ,LUV,1111,79164,54044,137118,32427
CGK,DJJ,1084,184866,144344,1274926,32285
DJJ,MKQ,885,154980,115866,1045238,31829
CGK,TKG,6349,1096626,951610,3995838,27457
GTO,UPG,1867,326454,232795,664858,26890
TIM,DJJ,1094,190859,151199,654134,26401
CGK,TJQ,3302,521456,407797,2211835,25549
BDJ,BPN,2096,228923,191843,424393,23692
KOE,SUB,2256,440744,363940,871733,22876
HLP,UPG,718,112014,79652,1474490,22534
CGK,SOQ,846,128636,91145,1016616,22149
SUB,UPG,6275,1092265,822739,6296145,21670
MDC,UPG,1728,317025,255385,373639,19410
LUV,AMQ,1484,106018,77426,223325,19285
PGK,TJQ,1439,132612,112698,192062,19236
UPG,TIM,736,133832,105747,1922766,19112
MDC,TTE,1706,149136,107341,253913,17954
PLW,CGK,1019,174447,135496,752547,17938
LOP,DPS,2883,340063,278711,55979,17910
LOP,SUB,3420,643098,502701,1949066,17871
BDO,TKG,1043,74132,47871,170075,17869
BTH,TKG,481,88563,51774,142029,17315
UPG,BUW,1743,124170,92462,181384,17232
UPG,DPS,2275,435189,319014,2147813,17206
SOQ,MKW,1585,178390,150328,335079,17098
WMX,DJJ,8970,203230,153065,3450258,16770
CGK,PLW,1367,240424,178483,1931321,16660
TTE,MDC,1702,148470,111545,221774,16505
BPN,BDJ,2097,229510,190910,588868,15876
BPN,PKY,716,50828,34409,145436,15851
BUW,UPG,1743,124178,92656,77545,15488
UPG,MKW,811,119168,92630,661401,15459
LUW,UPG,1265,131924,108466,435662,15415
UPG,SUB,5927,1039380,815759,1693119,14939
DPS,LBJ,2603,212668,163845,504199,14783
TTE,CGK,782,125793,89220,271490,14369
KOE,CGK,689,87114,64465,57968,13708
DJJ,NBX,1242,88732,66880,349609,13008
PLM,DPS,361,34656,25874,100017,12663
WNI,KDI,558,39764,29576,20021,11557
DJJ,DEX,693,48360,38296,164273,11397
ENE,LBJ,759,53862,39313,76988,11277
BIK,UPG,729,136560,111311,1041484,10795
AMQ,SXK,896,63816,43533,84074,10479
JOG,SUB,2600,229142,168850,239311,10446
TJQ,PGK,1430,131918,110762,131034,10346
DPS,WGP,520,44928,36653,233636,9841
KOE,DPS,730,136950,103649,715121,9807
UPG,TTE,868,148434,117293,1288702,9592
DJJ,BIK,732,137138,104922,1198759,9176
UPG,MDC,1735,318596,250046,1120643,9017
DPS,JOG,2359,397175,308693,295386,8951
PKY,PNK,364,25837,18614,73103,8764
DOB,LUV,356,25632,20718,65612,8453
SUB,JOG,2610,235811,183095,412895,8398
MOF,DPS,746,63338,45444,202895,8216
KOE,ARD,913,64647,51773,158819,8175
BPN,TRK,2180,389244,255919,2913897,8051
SOQ,FKQ,390,28080,22467,69792,8005
DPS,MOF,752,63818,49674,351415,7931
KOE,WGP,912,71313,45118,352188,7271
DPS,SRG,961,105200,77377,317183,7242
AMQ,DOB,358,25776,19609,66257,7171
PGK,PLM,1481,203968,168034,132024,7074
UPG,MKQ,503,83427,63282,381431,6849
SOQ,KNG,319,22968,15887,59399,6627
BPN,UPG,2439,445311,371037,429692,6149
UPG,LUW,1259,131514,106631,669048,5942
PLM,KNO,912,146464,109285,114021,5621
DJJ,CGK,727,120469,88145,503165,5501
KOE,TMC,1046,99576,64667,254778,5158
BTH,TNJ,359,26316,14171,19475,5151
LBJ,DPS,2600,212408,170024,87232,5050
TIM,DPS,363,58080,43594,1238688,4889
KOE,MOF,919,75549,60393,370851,4825
UPG,JOG,1640,278463,227276,247747,4787
BMU,DPS,1042,91776,68216,48650,4754
NBX,DJJ,1234,88158,68385,55246,4737
BDO,HLP,365,26280,17090,63978,4616
SOQ,UPG,1812,258119,200443,2015508,4540
SUB,BDO,2470,425172,344410,1003742,4485
SUB,DPS,5330,918193,772257,1691200,4222
AMQ,CGK,1067,181951,124369,1107134,4193
DJJ,TIM,1094,190988,146575,2523606,4167
DJJ,WMX,9562,204774,172089,101813259,3777
KBU,BDJ,875,63000,51524,45548,3555
TKG,BDO,1046,74348,50524,30328,3503
TIM,UPG,738,134015,113607,991818,3415
BPN,JOG,2141,395650,335533,934210,3375
KNO,GNS,2280,163068,129253,71792,3354
DJB,PKU,299,21528,10450,2065,3226
KNO,BTH,2508,493379,431114,871640,3151
SOQ,AMQ,659,59093,46914,26460,3128
UPG,BTW,363,26136,13420,1244,3125
UPG,MJU,1220,97532,72352,21867,3119
SUB,SRG,3085,331949,257083,453031,3093
BPN,TJS,487,35064,25120,53181,3073
UPG,PUM,909,65042,49444,86300,3053
PLM,PGK,1490,205635,170368,622974,2910
PKY,BPN,711,50470,32198,33099,2836
DPS,TMC,1071,102768,83290,328711,2805
PLM,DJB,762,54668,40127,17768,2797
WGP,KOE,908,71029,51424,127439,2771
TMC,DPS,1073,103008,83312,76340,2722
BDJ,KBU,882,63504,49564,18538,2603
MOF,KOE,925,76001,63812,181778,2589
KOE,BJW,802,56933,39905,190635,2571
UPG,PSJ,358,25776,13226,18450,2563
DPS,LOP,2879,339897,270227,306721,2553
UPG,BPN,2427,442302,367002,1291844,2443
AMQ,SUB,481,68136,44428,74601,2345
LUW,MDC,394,29424,18514,27139,2308
DJJ,UPG,1936,336335,273458,742020,2269
TNJ,PKU,363,25656,10808,18491,2221
MKW,SOQ,1596,178882,148716,596194,2192
ENE,KOE,1437,101172,72129,176101,2163
UPG,KBU,359,25848,9610,22859,2154
MKQ,DJJ,885,154980,116244,1084828,2084
SRG,DPS,961,105112,78984,236142,2014
CGK,KOE,1059,144534,109396,907145,1975
LOP,SWQ,1221,86916,69940,38157,1916
MDC,GTO,819,61727,49311,13313,1894
TTE,WUB,357,25704,21274,16409,1842
SRG,SUB,3093,332592,263118,662703,1832
PLM,BKS,695,50016,31379,50750,1753
LOP,BMU,1728,138652,107907,43344,1735
DPS,BMU,1047,92184,65338,66218,1658
BUW,KDI,681,48384,37494,9168,1643
AMQ,NBX,218,15696,10227,18062,1625
KOE,SAU,314,3768,3294,5273,1588
MDC,DPS,191,33390,21254,218680,1541
KOE,LKA,925,65408,49068,222311,1462
PKU,TNJ,364,25688,11705,16709,1416
KOE,RTI,678,48816,33268,16319,1352
DPS,SUB,5337,919957,773949,806999,1315
TKG,DJB,344,24768,14327,5698,1255
BTH,BKS,323,23256,10406,13328,1249
MDC,KAZ,354,25488,13792,16056,1245
CGK,GTO,328,51192,39355,559472,1160
KOE,ABU,1078,67040,49502,61211,1143
GNS,KNO,2282,163216,136532,37767,1115
SXK,AMQ,894,63672,46029,132909,1084
FKQ,SOQ,385,27720,19528,5731,1072
LBJ,ENE,761,53996,42066,41033,1034
NAM,AMQ,381,27432,20896,2396,1010
BPN,LNU,400,28800,16647,7748,999
PSU,PNK,1050,74944,53629,13408,976
GTO,MDC,819,61584,48087,3428,955
KNO,HLP,2476,413424,333466,1314828,950
BTH,NTX,474,44472,31658,176969,918
SOQ,DJJ,784,125982,96682,129133,907
KOE,LBJ,291,20952,12273,9403,882
SUB,BWX,1032,72986,52464,16023,836
DPS,UPG,2265,432953,308482,2290227,828
PKU,BTH,1752,338610,295718,640531,819
SUB,SMQ,946,96372,76611,368530,819
MDC,LUW,393,29352,19036,9480,794
KDI,WNI,562,40056,29239,9600,793
ARD,KOE,912,64575,52108,64495,792
LUW,PLW,778,55784,39212,2519,778
PNK,SQG,1203,85916,59801,4769,746
BMU,LOP,1756,140760,110708,18564,738
DJJ,MKW,725,86356,65591,462125,732
MDC,AMQ,230,16560,8539,6753,729
UPG,LLO,577,41120,33883,10749,727
UPG,LOP,469,86347,49158,37084,721
BXB,SOQ,433,31176,17885,3856,708
UPG,RAQ,528,37680,25354,3882,685
MDC,NAH,364,26208,17247,10031,674
KNO,FLZ,967,69230,49475,10616,608
SUB,LBJ,139,16980,11038,14236,605
KAZ,MDC,354,25488,13858,4786,602
SMQ,PKN,420,30240,19449,1943,596
KNO,DJB,328,23616,15483,5873,593
DJB,PDG,346,24912,14701,11632,583
WUB,TTE,360,25920,17890,4156,564
WGP,DPS,520,44976,37145,23586,559
CGK,TRK,943,136799,92368,681876,550
PNK,KTG,3109,222630,177833,258125,545
NBX,AMQ,216,15552,11466,4794,523
RTI,KOE,676,48672,33988,3659,509
LAH,TTE,431,31032,20712,1845,477
LKA,KOE,925,65412,51750,136936,476
MOH,UPG,184,13248,9915,769,472
OTI,TTE,360,25920,19746,6634,462
PDG,DJB,344,24768,16004,865,454
SWQ,LOP,1239,88218,77366,1543,442
DJB,BUU,297,21384,14175,15,431
PLM,UPG,116,11136,5938,4420,430
HLP,SUB,4426,739638,625908,3291597,425
MKW,DJJ,728,86748,68035,292455,424
BJW,LBJ,364,26208,17920,2224,420
CGK,SRI,133,21546,15686,0,411
TJS,BPN,476,34272,23789,4481,397
PUM,UPG,909,65042,50692,55396,381
SOC,SUB,302,24238,12191,6618,380
SRG,BDO,1037,74664,56527,13943,371
NAH,MDC,362,26064,17338,3905,367
TTE,OTI,359,25848,20498,1111,366
PLW,TLI,344,24768,15268,6497,352
FLZ,KNO,950,68008,51117,6940,345
SUB,SOC,298,22539,10236,10050,343
DPS,MLG,351,25272,16814,3760,329
TMC,KOE,1040,98976,67691,138115,327
MKW,KNG,188,13414,8517,7016,325
AMQ,NAM,391,28152,19697,2006,323
SMQ,SUB,945,96444,78426,83071,322
BTH,HLP,365,56970,45161,277065,300
AMQ,SOQ,650,58445,44249,24458,296
LKI,KNO,348,25056,17639,1162,296
BDO,MLG,346,24912,10389,12909,296
LLO,UPG,577,41122,34379,3024,277
JOG,BPN,2143,396210,331272,1817384,276
UPG,KOE,283,27168,20654,14158,258
SQG,PNK,1199,85634,60326,3178,250
DUM,PKU,361,25992,23115,439,250
TLI,PLW,344,24768,15846,5670,250
DJB,KNO,326,23472,12407,9028,250
SUB,SUP,364,26208,15253,744,248
BWX,SUB,1028,72704,54478,21875,243
MKW,FKQ,118,8496,5833,3859,243
SUP,SUB,364,26208,16926,54,241
AMQ,LAH,57,4104,1146,429,222
PXA,PLM,338,24336,14521,219,219
MDC,MNA,372,26784,19342,2816,216
AEG,KNO,306,22032,12149,1320,213
MLG,DPS,348,25056,17585,3678,199
KNO,MEQ,352,25344,17853,3397,176
DPS,PLM,360,34560,25524,65655,170
KNO,AEG,311,22392,12961,3511,170
SOC,BDJ,114,8208,4819,14058,168
KOE,LOP,130,9360,3788,1665,160
TMC,ENE,365,26280,15768,2427,157
LOP,KOE,127,9144,4391,1334,157
WMX,TIM,217,144,82,0,152
HLP,BKS,362,56472,40968,223427,150
LMU,BTH,62,4464,2501,58,150
MEQ,KNO,352,25344,16624,2187,143
PSJ,UPG,356,25632,13322,1268,134
TKG,PLM,816,57220,45276,5296,123
PNK,PSU,1055,75302,52277,49703,122
DJB,TKG,339,24408,13280,4241,116
LBJ,BJW,361,25992,16369,815,113
BPN,MJU,355,25560,10451,378,104
PKY,SMQ,355,25560,18774,5444,102
KSR,UPG,667,47404,35340,38518,93
BJW,KOE,801,56843,41886,130289,92
ENE,TMC,366,26352,17439,1551,86
TTE,LAH,418,30096,19580,1117,83
HLP,TSY,361,25992,17714,365,83
JOG,HLP,4529,762882,652820,336241,82
MNA,MDC,371,26712,20066,1500,77
MDC,GLX,188,13536,7316,2243,75
KNO,LSW,460,32814,27035,2319,66
TIM,SOQ,303,35485,26608,40538,66
RAQ,UPG,520,37104,25225,670,65
CGK,FLZ,370,35520,28141,118909,63
KOE,UPG,284,27264,19929,19659,62
BDJ,BTW,504,36288,26180,696,60
LBJ,KOE,290,20880,12091,255,56
SOQ,CGK,847,128752,85871,736478,48
LLG,PLM,347,24984,15805,1569,48
BMU,UPG,331,23832,14335,1326,48
MJU,UPG,1216,97148,75069,1201,46
HLP,PKU,727,113436,88970,781261,45
JOG,BDO,692,91359,70812,1363,45
FKQ,MKW,118,8496,5781,1478,45
BTH,DUM,360,25920,14495,290,44
TNJ,BTH,353,25416,11994,569,44
UPG,BMU,330,23760,13634,2267,41
SOQ,MDC,892,138113,97604,138077,40
BIK,NBX,718,50984,36401,75216,40
PLW,LUW,778,55786,37166,1421,39
BKS,PLM,691,49214,33788,359,39
PLM,TKG,815,57303,45671,32883,38
BDO,SOC,293,21096,13542,1026,33
HLP,BTJ,273,42588,27891,310152,30
PLM,LLG,343,24696,13971,1284,28
BDO,DPS,2154,389860,320666,1745001,26
KNO,DTB,492,33576,18099,2043,23
GNS,PDG,324,23808,12587,244,23
SUB,LOP,3054,579622,460698,1534748,20
PKU,DUM,361,25992,22000,440,17
BDJ,PKY,232,16990,6383,123,16
SRG,PKN,1494,163762,134190,231466,15
KNO,LKI,350,25200,17606,1565,12
SUB,PKN,973,121752,89296,324504,11
PLM,PDG,338,24416,11789,1695,11
PDG,HLP,1086,178002,148809,455738,10
GTO,PLW,314,22608,13343,915,10
TIM,NBX,355,24850,15581,16077,9
BKS,TKG,207,14904,7431,0,8
CGK,MLG,2825,506020,411175,1747767,5
DPS,BDO,2148,388726,312590,677129,4
DJB,PLM,765,54598,40065,4237,4
KDI,BUW,685,48670,38347,1532,4
SOC,BDO,295,21240,12615,820,4
LOP,SRG,124,9071,5225,467,4
SUB,JBB,721,51194,37999,4188,3
UPG,PKY,222,15984,6697,681,3
CGK,LBJ,789,103754,67298,141321,2
PDG,PLM,342,24847,13647,1100,2
PDG,GNS,302,21744,11305,367,2
LAH,AMQ,63,4536,1428,21,2
SUB,HLP,4060,682536,584404,851531,1
BKS,HLP,362,56472,42026,1030,1
NBX,BIK,716,50842,32490,15264,1
PDG,BKS,342,25911,14498,213,1
KBU,UPG,360,25920,11415,385,1
PLW,GTO,314,22608,9774,211,1
BPN,SUB,5024,949269,783881,1161284,0
SUB,BPN,5057,948067,771383,4265417,0
HLP,JOG,4533,763200,633775,1138678,0
BDJ,SUB,3341,663218,564415,524903,0
SUB,BDJ,3350,664521,551537,2259766,0
BTH,KNO,2515,487501,427856,1320568,0
BKS,CGK,2820,514168,423791,608788,0
MLG,CGK,2834,507658,420469,685285,0
BDO,SUB,2478,426517,339531,4107175,0
HLP,SRG,2131,358500,312302,1446059,0
PLM,HLP,2121,347490,303741,255623,0
SRG,HLP,2131,358500,296059,861036,0
BTH,PKU,1757,339373,295055,1172461,0
SUB,BTH,1688,332184,283443,2971431,0
BTH,SUB,1682,338139,277762,2327328,0
TRK,BPN,2172,387747,266501,1248984,0
HLP,SOC,1747,305754,265083,890828,0
HLP,PLM,1760,291270,259454,1042176,0
BTJ,KNO,1485,297228,255834,21829,0
SOC,HLP,1747,305730,246984,134356,0
KNO,PKU,1418,288793,245389,187806,0
KNO,BTJ,1485,297246,244065,197679,0
PKU,KNO,1425,290134,243764,143395,0
BTH,PDG,1408,287179,235420,916977,0
PDG,BTH,1415,288567,229544,1625638,0
PNK,SUB,1413,260856,213359,713260,0
HLP,DPS,1449,252486,211168,1188306,0
SUB,PNK,1413,260882,210259,1688130,0
HLP,MLG,1468,247128,208543,681088,0
MLG,HLP,1469,247314,206726,26967,0
PKY,SUB,1147,232248,183616,71298,0
KTG,PNK,3105,222346,178335,114894,0
SUB,PKY,1149,232704,177205,582848,0
DPS,HLP,1087,195660,176926,121846,0
KNO,BDO,1063,197541,173637,295886,0
KNO,PDG,1006,206695,173602,54587,0
BDO,KNO,1066,198099,172789,962714,0
PDG,KNO,995,204235,169989,412715,0
TTE,UPG,1176,206798,157438,618185,0
CGK,KDI,1050,188314,156556,1247217,0
DPS,SOC,1050,214008,151906,38265,0
HLP,PDG,1085,177810,144992,516847,0
PKN,SRG,1489,163402,136857,83800,0
BTH,PNK,1059,196857,132339,511534,0
CGK,DTB,1410,182826,131123,403321,0
PLM,BTH,751,145970,126851,192441,0
BWX,CGK,1414,173880,126088,152018,0
CGK,BWX,1418,174264,125828,473382,0
PNK,BTH,1066,198216,125455,159801,0
DTB,CGK,1411,183036,125020,183250,0
PKU,JOG,733,144383,123446,68880,0
PLM,JOG,1084,169249,122431,197344,0
JOG,PKU,735,144839,121428,789253,0
BDJ,SRG,730,144149,118901,36610,0
SRG,BDJ,729,143934,118815,159738,0
JOG,PLM,1085,169461,117735,474314,0
BTH,PLM,754,146589,116600,307644,0
JOG,PNK,1162,146608,114220,1014024,0
SOC,DPS,697,138165,113957,35062,0
KNO,JOG,728,131040,113506,81811,0
PLW,BPN,754,138086,111506,659713,0
BPN,PLW,764,137068,110026,820486,0
JOG,KNO,728,131040,109418,604530,0
BDO,PKU,714,131697,109288,895630,0
PNK,JOG,1161,146468,109023,215871,0
PKU,BDO,714,131697,107684,116561,0
KDI,CGK,715,123323,107499,69428,0
PLM,SUB,730,134988,105688,188407,0
SUB,PLM,729,134773,104540,489648,0
BPN,HLP,730,116070,98580,22042,0
BDO,PLM,730,114952,96599,1443278,0
MKW,UPG,813,119464,96022,1285356,0
PLM,BDO,729,114824,96002,192611,0
DJJ,SOQ,787,126493,95686,319607,0
HLP,BPN,999,115758,94907,6356222,0
MDC,SOQ,892,137994,94235,134399,0
SUB,MDC,579,121340,90358,408355,0
LOP,HLP,733,121584,90194,607436,0
MDC,SUB,579,122574,89704,58237,0
TRK,CGK,947,137845,86460,459244,0
DJB,BTH,574,105911,86027,64680,0
UPG,HLP,717,111852,85360,41311,0
PKN,CGK,737,102456,85006,372576,0
CGK,PKN,739,102696,83268,398138,0
PKN,SUB,918,112080,82915,155717,0
BTH,DJB,577,106504,80815,240789,0
LLG,CGK,700,96060,80548,50969,0
CGK,LLG,696,95436,79259,61197,0
PKU,SUB,545,101506,77006,133755,0
JOG,BDJ,369,79335,71689,114198,0
BDJ,JOG,369,79335,71448,48061,0
SUB,PKU,546,110717,70925,778447,0
LBJ,CGK,787,103622,68479,84043,0
UPG,BDJ,589,109468,67341,128986,0
BDO,JOG,690,91215,66896,14328,0
BDJ,UPG,586,108693,64844,32223,0
SUB,TKG,465,94520,63636,142659,0
TKG,SUB,467,94898,62933,20802,0
MKQ,UPG,503,83616,62395,195211,0
JOG,BTH,344,73908,60744,50916,0
TKG,JOG,367,69425,59691,30436,0
JOG,TKG,366,69236,59036,107952,0
TRK,UPG,356,67362,58789,33025,0
BTH,JOG,344,73856,58547,234546,0
JOG,LOP,359,77081,58342,113751,0
PGK,BTH,569,90732,56189,6705,0
BDO,BPN,367,69363,56172,231140,0
SRG,BPN,380,71400,56012,148065,0
BDO,SRG,1036,74592,55943,29516,0
BDJ,BDO,361,68229,55622,35821,0
LOP,JOG,361,77537,55595,15894,0
BDO,PNK,457,81383,55438,503729,0
HLP,DTB,377,67860,55312,17248,0
BDO,BTH,345,65205,55070,276139,0
BTH,BDO,343,64827,54907,175282,0
BTH,PGK,569,90732,54011,46361,0
PNK,BDO,458,81523,53872,47323,0
HLP,LOP,369,64620,53757,902255,0
UPG,BDO,350,66150,52631,81326,0
HLP,TKG,379,59268,52562,95429,0
BDO,BDJ,364,68796,52387,303714,0
TKG,BTH,483,88993,52268,127776,0
TKG,HLP,373,58290,51569,1367,0
DTB,HLP,377,67860,51285,0,0
ABU,KOE,1072,66778,51175,48829,0
BPN,SRG,378,71589,50429,14613,0
UPG,TRK,353,66769,50221,138260,0
BDO,UPG,351,66339,49780,203253,0
PDG,JOG,345,74097,49627,4972,0
BUU,CGK,495,59400,49396,4317,0
SRG,BTH,344,72228,49340,51533,0
SRG,PLM,364,65520,48508,189355,0
TRK,SUB,359,68613,48488,37398,0
BPN,BDO,365,68985,48160,26433,0
LOP,UPG,467,86036,47941,20173,0
SUB,TRK,360,68820,47866,189802,0
CGK,BUU,494,59280,47498,32498,0
BPN,MDC,368,69708,47467,144664,0
PKU,HLP,365,56964,47430,18484,0
PLM,SRG,365,65700,47085,53624,0
CGK,SMQ,458,54960,46497,465073,0
BTH,SRG,337,72013,46400,138709,0
SUB,AMQ,479,67824,46095,487099,0
PNK,SRG,348,65772,45766,38177,0
MDC,BPN,370,70112,45638,50842,0
PLW,SUB,356,67544,45593,27926,0
SRG,PNK,348,65772,45188,38934,0
UPG,PNK,360,68040,44899,207215,0
SMQ,CGK,456,54720,44446,261962,0
PNK,UPG,361,68246,44295,8546,0
HLP,BTH,365,56970,44222,652133,0
CGK,MKW,361,56316,44050,136822,0
AMQ,HLP,364,56790,43210,5398,0
HLP,AMQ,362,56478,42928,294295,0
KOE,HLP,365,56940,42488,4693,0
JOG,PDG,345,74097,42358,19142,0
MKW,CGK,363,56628,40502,60210,0
SUB,KNO,317,67305,39925,291952,0
SOQ,SUB,352,55176,39328,78646,0
JBB,SUB,720,51120,38649,71812,0
UPG,SRG,333,43889,38031,28573,0
GTO,CGK,337,52596,37282,218059,0
SUB,KDI,265,56533,36478,93649,0
SRG,UPG,333,43945,36273,249614,0
KNO,SUB,312,60380,36112,28549,0
SUB,SOQ,355,55644,34537,157837,0
AMQ,TTE,427,55838,34293,19202,0
TTE,AMQ,427,55838,33512,72384,0
DEX,DJJ,670,46756,33362,6677,0
UPG,KSR,673,47836,33106,49417,0
NTX,BTH,474,44472,30493,201782,0
LOP,BDO,308,58238,30393,4573,0
DPS,BPN,195,35205,29630,56769,0
BTW,BDJ,508,36576,29356,2208,0
FLZ,CGK,370,35520,29317,228627,0
BTJ,HLP,273,42588,29040,5744,0
BPN,DPS,194,34964,27934,30190,0
PDG,BDO,260,34792,27045,67878,0
BDO,LOP,312,58968,26939,120428,0
SOQ,TIM,303,35509,26372,113170,0
BDO,PDG,254,33988,25902,313621,0
LSW,KNO,456,32526,25315,0,0
DTB,KNO,488,33194,25144,495,0
PNK,BPN,192,36288,25039,1808,0
LOP,BDJ,231,49639,23983,2382,0
BPN,PNK,192,36288,23414,14155,0
PKY,SOC,154,33058,22649,239,0
KDI,SUB,265,56455,22496,2559,0
TTE,SUB,156,28423,22023,49783,0
SOC,PKY,153,32869,21907,1686,0
SUB,TTE,155,28275,21479,168029,0
UPG,SOC,180,34922,21421,732,0
DJJ,OKL,843,27000,21052,3433233,0
BDJ,LOP,232,49880,21007,6009,0
SOC,UPG,179,34932,21006,23201,0
LNU,BPN,398,28656,20674,1805,0
PDG,PKU,379,30474,20647,361,0
PKN,SMQ,421,30312,20547,54,0
SMQ,SRG,364,26256,19812,11192,0
PDG,SUB,148,31204,19679,6231,0
KTG,SRG,349,25128,19027,26615,0
SMQ,PKY,350,25200,18992,367,0
PKU,PDG,355,25989,18977,579,0
DPS,MDC,188,32815,18636,152345,0
DJJ,SUB,120,22737,18506,22992,0
SRG,SMQ,365,26328,18491,17611,0
PLM,SOC,144,30960,18447,123,0
HLP,BDO,364,26208,18314,5,0
SUB,PDG,146,30809,18153,44372,0
NBX,TIM,353,24710,18125,109528,0
JOG,PGK,191,22920,18066,48380,0
PNK,PKY,364,25718,17732,26833,0
PGK,BDO,193,23160,17310,5637,0
TSY,HLP,356,25632,17212,20,0
SRG,KTG,348,25056,17175,15012,0
SOQ,BXB,453,32616,17103,636,0
BDO,PGK,192,23040,17064,56284,0
BDJ,SMQ,327,23640,16556,1683,0
KNG,SOQ,313,22536,16436,8079,0
TXE,KNO,340,24480,16348,395,0
SRI,CGK,132,21390,16116,0,0
SMQ,BDJ,323,23256,16099,2777,0
SUB,DJJ,120,22711,16026,103922,0
DUM,BTH,361,25992,16013,5,0
BUU,DJB,300,21600,15903,98,0
PKU,PLM,329,23277,15872,159,0
KOE,LWE,503,20125,15527,147415,0
BPN,SOC,144,31029,15356,374,0
PGK,JOG,190,22800,15242,1397,0
SOC,PLM,144,30960,15137,2300,0
LWE,KOE,502,20058,15131,85590,0
KJT,SUB,170,30600,14866,0,0
BTW,UPG,361,25992,14806,10,0
SUB,KJT,170,30600,14731,0,0
KOE,RTG,379,17900,14199,180591,0
SOC,BPN,143,30589,14078,5993,0
PLM,PXA,345,24840,13869,14,0
OKL,DJJ,839,26814,13712,25809,0
PLW,UOL,327,23544,13710,100,0
KNO,TXE,341,24552,13700,520,0
RTG,KOE,354,16722,13646,99011,0
WMX,DEX,343,23256,13607,42203,0
BKS,PDG,339,25838,13469,10,0
NRE,AMQ,349,17450,13463,581,0
DEX,WMX,349,23664,13442,56297,0
KNO,DUM,341,24552,13246,1546,0
UOL,PLW,327,23544,13211,0,0
MJU,BPN,358,25776,13188,898,0
SOC,BTH,119,22491,13085,5360,0
OJU,PLW,319,22968,12552,880,0
PKU,DJB,303,21816,12423,536,0
BTH,SOC,119,22517,12357,1926,0
LUV,UPG,145,18240,12223,102391,0
MLG,BDO,350,25200,12179,222,0
BKS,BTH,322,23327,12168,0,0
UPG,LUV,143,17944,12107,31170,0
ZRI,DJJ,350,17500,11977,594,0
PLW,OJU,317,22824,11883,0,0
DUM,KNO,342,24624,11815,377,0
PLM,PKU,321,22415,11803,1581,0
JIO,AMQ,281,14050,11701,634,0
LBJ,SUB,136,16764,11629,3850,0
AMQ,NRE,349,17450,11354,1207,0
DJJ,ZRI,352,17600,10890,5385,0
KRC,BUU,293,21096,10866,106,0
AMQ,JIO,281,14050,10773,2975,0
LNU,TRK,663,14808,10723,686,0
TRK,LNU,670,14880,10586,3404,0
BUU,KRC,292,21024,10482,1264,0
MOF,UPG,222,15578,10232,75898,0
DPS,BTH,65,12285,9538,3464,0
PKN,KTG,155,10854,9414,2507,0
DJJ,TMH,335,16750,9216,19008,0
TMH,DJJ,331,16550,9214,352,0
UPG,MOH,184,13248,9022,492,0
BPN,GHS,204,9792,8941,713,0
UPG,MOF,221,15508,8859,64074,0
KTG,PKN,156,10924,8475,450,0
PKY,BDJ,227,16630,8131,600,0
SRI,BEJ,197,10224,7702,6589,0
BEJ,SRI,206,10680,7663,1069,0
AMQ,MDC,228,16416,7612,1759,0
KNG,MKW,186,13270,7600,856,0
GHS,BPN,205,9840,7540,559,0
TMH,MKQ,309,15450,7500,389,0
MKQ,TMH,310,15500,7338,16409,0
BTH,DPS,65,12363,7321,3191,0
TKG,BKS,207,14904,7260,100,0
BTJ,BTH,65,12285,7154,509,0
TRK,NNX,247,9324,6896,2018,0
SBG,KNO,190,13544,6562,0,0
GLX,MDC,187,13464,6521,575,0
KNO,SBG,190,13544,6504,62,0
BDJ,SOC,114,8208,6281,1063,0
BTW,SUB,131,9432,6277,52,0
SUB,BTW,131,9432,6255,4357,0
BTH,BTJ,65,12285,6149,359,0
NNX,TRK,239,8940,6086,3246,0
SRI,GHS,167,8016,6036,475,0
UPG,PLM,116,11136,5931,553,0
KTG,CGK,96,8640,5885,52358,0
GHS,SRI,167,8016,5772,558,0
BEJ,TRK,180,9072,5737,6279,0
TRK,BEJ,179,8976,5701,5225,0
CGK,KTG,97,8730,5574,62228,0
MWK,TNJ,212,6784,5569,0,0
TNJ,MWK,214,6848,5430,0,0
KNG,AMQ,161,11270,5063,0,0
PKY,UPG,220,15840,4690,7,0
SRG,LOP,122,8927,4578,220,0
AMQ,KNG,161,11272,4551,0,0
TKG,SOC,111,7992,4328,0,0
KEI,MKQ,350,4200,4011,5598,0
MKQ,KEI,352,4224,3957,30747,0
SOC,TKG,112,8064,3757,1494,0
NBX,KNG,95,6650,3593,0,0
SAU,KOE,313,3756,3446,177,0
CGK,BDO,23,4347,3268,0,0
TJS,SRI,103,4944,3175,1250,0
CGK,MKQ,53,8268,3161,3782,0
SOC,LOP,105,7560,3140,5734,0
SRI,HLP,27,4212,3011,0,0
KNG,NBX,95,6650,2985,0,0
NTX,TNJ,124,3968,2978,0,0
SRI,TJS,103,4944,2967,3131,0
PLW,MOH,62,4464,2961,26,0
PLW,TRK,107,7704,2959,41,0
TRK,PLW,107,7704,2875,36,0
LOP,SOC,106,7632,2871,521,0
BTH,LMU,62,4464,2841,0,0
TNJ,NTX,124,3968,2788,0,0
MOH,PLW,63,4536,2697,264,0
BKS,DJB,99,7128,2696,0,0
SRI,UPG,21,3276,2664,0,0
RGT,BTH,77,5544,2660,358,0
KWB,SRG,83,5976,2638,89,0
SRG,KWB,85,6120,2634,0,0
BTH,RGT,77,5544,2516,0,0
HLP,SRI,27,4212,2482,0,0
HLP,CXP,326,3912,2373,549,0
DJB,BKS,100,7200,2340,1439,0
MKQ,CGK,52,8112,2315,9628,0
UPG,SRI,21,3276,2223,0,0
SOC,KNO,5,2200,2149,0,0
AMQ,BUW,58,4060,2083,0,0
RJM,SOQ,103,7416,2068,11,0
KJT,KNO,22,3960,2044,0,0
CXP,HLP,326,3912,2039,220,0
MNA,IAX,52,3744,2036,417,0
BUW,AMQ,57,3990,1964,0,0
IAX,MNA,50,3600,1917,253,0
SOQ,RJM,103,7416,1898,0,0
KRC,DJB,35,2520,1861,0,0
HLP,CJN,328,3936,1824,395,0
DJB,KRC,36,2592,1812,305,0
CJN,HLP,329,3948,1734,1378,0
BKS,MPC,46,3312,1536,53,0
TRK,TJS,310,4764,1518,832,0
CGK,GNS,21,2016,1492,0,0
AMQ,FKQ,26,1872,1485,319,0
MPC,BKS,38,2736,1453,0,0
UPG,KNO,39,4432,1422,596,0
FKQ,AMQ,28,2016,1392,423,0
SUB,MLG,9,1660,1319,4464,0
KNO,UPG,38,3648,1290,2791,0
TJS,TRK,315,4824,1281,37,0
LBJ,LOP,27,1944,1249,559,0
LBJ,MOF,27,1944,1237,279,0
NTI,SOQ,136,1632,1203,400,0
LOP,LBJ,27,1944,1171,345,0
MKW,NTI,142,1704,1165,139,0
NTI,MKW,140,1680,1143,22,0
BTH,MWK,42,1344,1143,0,0
MWK,BTH,40,1280,1110,0,0
KNO,KJT,22,3960,1098,0,0
SOQ,NTI,134,1608,1096,1671,0
LII,DJJ,100,1200,1037,108,0
JOG,SRI,10,1280,1021,9573,0
SRI,JOG,10,1280,1008,444,0
KNG,FKQ,25,1800,979,10,0
KDI,MOH,44,3168,962,0,0
MOF,LBJ,27,1944,924,0,0
DJJ,LII,98,1176,901,3453,0
PKU,BDJ,6,1080,884,0,0
CGK,TIM,6,1194,847,0,0
BDJ,KNO,3,800,775,0,0
KNO,BDJ,3,800,759,0,0
FKQ,KNG,21,1512,706,10,0
MOH,KDI,44,3168,628,0,0
BDJ,PLM,4,720,591,0,0
CGK,BIK,4,729,561,39,0
DPS,BDJ,4,860,516,0,0
BIK,SOQ,3,578,513,206,0
RTG,ENE,20,1016,490,712,0
BXB,AMQ,12,864,476,0,0
PGK,PNK,24,1728,474,3,0
AMQ,BXB,12,864,443,0,0
SOC,TSY,15,1080,421,0,0
BDJ,BTH,1,440,418,0,0
BIK,MKW,4,536,414,2062,0
BTH,BDJ,1,440,414,0,0
PNK,PGK,24,1728,410,111,0
BPN,LOP,2,430,404,0,0
SOQ,BIK,3,483,393,828,0
TSY,SOC,15,1080,387,0,0
PKY,PLM,2,360,354,0,0
PKU,PKY,2,360,352,0,0
PLW,PLM,2,430,351,0,0
BIK,ZRI,116,1392,347,125,0
AMQ,KDI,12,864,340,0,0
PLM,PNK,2,369,302,0,0
CGK,KJT,2,360,288,0,0
TIM,CGK,2,395,287,0,0
KJT,TKG,10,600,266,307,0
TKG,KJT,10,600,251,331,0
SRI,BPN,158,1932,238,0,0
CXP,SRG,11,670,231,819,0
KDI,AMQ,12,864,218,0,0
BPN,SRI,153,1872,217,0,0
BPN,AMQ,2,430,215,0,0
AMQ,BPN,1,215,214,0,0
BDJ,DPS,2,430,213,0,0
DJJ,TTE,1,215,206,0,0
KNO,BPN,1,215,206,0,0
LOP,BPN,1,215,200,0,0
PLM,BPN,1,215,200,0,0
PLW,KNO,1,215,200,0,0
LOP,KNO,1,215,199,0,0
TIM,JOG,2,378,197,0,0
AMQ,PNK,1,189,189,0,0
PLW,BDO,1,189,189,0,0
TTE,PNK,1,189,189,0,0
PDG,TNJ,9,288,181,0,0
PNK,SOC,1,189,179,1108,0
LOP,PLM,1,189,174,0,0
MLG,TKG,1,189,164,0,0
SOC,JOG,1,215,163,0,0
MLG,SRG,1,189,157,0,0
PKY,DPS,1,215,155,0,0
SRG,CXP,11,670,154,497,0
UPG,KJT,1,180,145,150,0
BDJ,DJJ,1,180,144,0,0
DJJ,BTJ,1,180,144,0,0
KJT,SOC,1,180,144,0,0
PKU,BTJ,1,180,144,0,0
PLW,TIM,1,189,143,0,0
ZRI,BIK,118,1416,137,0,0
KJT,BDO,1,156,136,0,0
MKW,BIK,1,148,133,206,0
BEJ,RTU,3,216,126,0,0
PKU,SOC,1,189,125,0,0
HLP,MDC,1,156,120,606,0
BTJ,DJJ,1,180,120,0,0
DJJ,PLM,1,180,120,0,0
BPN,MTW,35,420,117,156,0
TIM,WMX,259,144,115,3856386,0
MTW,BPN,35,420,114,0,0
BDJ,MTW,24,288,108,0,0
LOP,TIM,1,189,102,0,0
SRG,TIM,1,180,102,0,0
PLW,TKG,1,180,101,0,0
TIM,PKY,1,180,101,0,0
TTE,KOE,1,215,101,0,0
AMQ,TIM,1,189,100,237,0
BIK,MKQ,1,180,100,0,0
BKS,TIM,1,180,100,0,0
UPG,BTH,1,189,100,0,0
MTW,BDJ,24,288,83,0,0
LNU,SRI,14,168,82,59,0
RTU,BEJ,2,144,78,0,0
WNI,UPG,1,72,72,0,0
RTU,BPN,1,72,71,0,0
DJJ,KNG,1,72,70,0,0
SRG,PKY,1,189,70,0,0
KTG,SUB,1,72,69,6,0
SRI,LNU,14,168,67,115,0
KJT,SRG,3,150,62,79,0
AMQ,MKW,1,72,62,0,0
BTH,SIQ,3,96,59,0,0
SRG,KJT,3,150,55,52,0
BPN,KJT,1,96,50,0,0
SIQ,BTH,3,96,43,0,0
TKG,PCB,3,216,42,0,0
PDG,UPG,1,440,41,0,0
IAX,MDC,1,72,39,0,0
MDC,OTI,1,72,39,0,0
LBJ,UPG,2,142,23,104,0
TNJ,PDG,11,352,22,0,0
NNX,BEJ,1,72,14,0,0
BIK,TTE,1,72,10,0,0
UPG,LBJ,2,142,9,68,0
BEJ,NNX,1,72,8,0,0
KJT,BPN,1,96,8,0,0
BPN,TIM,9,0,0,84751,0
MKQ,OKL,4,0,0,28290,0
OKL,MKQ,4,0,0,0,0
BDO,CGK,2,0,0,200,0
SUB,PLW,1,0,0,15276,0
HLP,PLW,1,0,0,13774,0
AMQ,DPS,1,0,0,7560,0
BPN,SOQ,1,0,0,4890,0
DJJ,BPN,1,0,0,900,0
PCB,BDO,1,72,0,0,0
PCB,TKG,1,72,0,0,0
PDG,LLG,1,72,0,0,0
PLM,PLW,1,215,0,0,0
SRG,SOC,1,215,0,0,0
